Epoch,Batch,Total_Loss,Loss_Per_Token
1,0,10.373490333557129,10.373490333557129
1,5,10.373489379882812,10.373489379882812
1,10,10.373464584350586,10.373464584350586
1,15,10.373401641845703,10.373401641845703
1,20,10.373160362243652,10.373160362243652
1,25,10.37247371673584,10.37247371673584
1,30,10.370473861694336,10.370473861694336
1,35,10.365273475646973,10.365273475646973
1,40,10.355645179748535,10.355645179748535
1,45,10.333151817321777,10.333151817321777
1,50,10.26943588256836,10.26943588256836
1,55,10.149637222290039,10.149637222290039
1,60,9.939236640930176,9.939236640930176
1,65,9.346652030944824,9.346652030944824
1,70,8.558489799499512,8.558489799499512
1,75,7.83276891708374,7.83276891708374
1,80,7.630891799926758,7.630891799926758
1,85,7.457370281219482,7.457370281219482
1,90,7.5111236572265625,7.5111236572265625
1,95,7.381282806396484,7.381282806396484
1,100,7.029628276824951,7.029628276824951
1,105,7.303771495819092,7.303771495819092
1,110,6.866586208343506,6.866586208343506
1,115,7.126245021820068,7.126245021820068
1,120,7.102534770965576,7.102534770965576
1,125,7.005876541137695,7.005876541137695
1,130,6.7006096839904785,6.7006096839904785
1,135,6.925500392913818,6.925500392913818
1,140,6.811434268951416,6.811434268951416
1,145,6.301157474517822,6.301157474517822
1,150,6.937816619873047,6.937816619873047
1,155,6.788426399230957,6.788426399230957
1,160,6.713106632232666,6.713106632232666
1,165,6.728878498077393,6.728878498077393
1,170,6.776374816894531,6.776374816894531
1,175,6.159364223480225,6.159364223480225
1,180,6.76715087890625,6.76715087890625
1,185,6.785524845123291,6.785524845123291
1,190,6.599101543426514,6.599101543426514
1,195,6.960330009460449,6.960330009460449
1,200,6.553836822509766,6.553836822509766
1,205,6.774441719055176,6.774441719055176
1,210,6.301825523376465,6.301825523376465
1,215,6.56915807723999,6.56915807723999
1,220,6.333255767822266,6.333255767822266
1,225,6.860546112060547,6.860546112060547
1,230,6.2492146492004395,6.2492146492004395
1,235,6.484753608703613,6.484753608703613
1,240,6.01403284072876,6.01403284072876
1,245,6.766819953918457,6.766819953918457
2,0,6.197405815124512,6.197405815124512
2,5,6.453065395355225,6.453065395355225
2,10,6.223011493682861,6.223011493682861
2,15,6.411256790161133,6.411256790161133
2,20,6.253377914428711,6.253377914428711
2,25,6.422086715698242,6.422086715698242
2,30,6.32587194442749,6.32587194442749
2,35,6.18749475479126,6.18749475479126
2,40,6.359942436218262,6.359942436218262
2,45,6.222085952758789,6.222085952758789
2,50,6.344909191131592,6.344909191131592
2,55,6.403126239776611,6.403126239776611
2,60,6.4087653160095215,6.4087653160095215
2,65,6.204084396362305,6.204084396362305
2,70,6.531545639038086,6.531545639038086
2,75,6.472599029541016,6.472599029541016
2,80,6.4862751960754395,6.4862751960754395
2,85,6.03440523147583,6.03440523147583
2,90,6.527644634246826,6.527644634246826
2,95,5.999637603759766,5.999637603759766
2,100,5.9330363273620605,5.9330363273620605
2,105,6.376477241516113,6.376477241516113
2,110,6.376820087432861,6.376820087432861
2,115,6.425528526306152,6.425528526306152
2,120,5.979619979858398,5.979619979858398
2,125,6.377808570861816,6.377808570861816
2,130,6.087206840515137,6.087206840515137
2,135,6.32524299621582,6.32524299621582
2,140,6.200223922729492,6.200223922729492
2,145,6.28853178024292,6.28853178024292
2,150,6.428861141204834,6.428861141204834
2,155,5.878776550292969,5.878776550292969
2,160,5.89667272567749,5.89667272567749
2,165,5.651732921600342,5.651732921600342
2,170,6.184199333190918,6.184199333190918
2,175,5.78143310546875,5.78143310546875
2,180,6.031278133392334,6.031278133392334
2,185,5.710208892822266,5.710208892822266
2,190,6.309772968292236,6.309772968292236
2,195,5.8590521812438965,5.8590521812438965
2,200,6.12253999710083,6.12253999710083
2,205,5.9863409996032715,5.9863409996032715
2,210,5.9465556144714355,5.9465556144714355
2,215,5.81960391998291,5.81960391998291
2,220,6.0260820388793945,6.0260820388793945
2,225,6.16786527633667,6.16786527633667
2,230,5.808878421783447,5.808878421783447
2,235,5.624897003173828,5.624897003173828
2,240,5.767937183380127,5.767937183380127
2,245,5.931858062744141,5.931858062744141
3,0,5.865878582000732,5.865878582000732
3,5,5.800535678863525,5.800535678863525
3,10,6.042723655700684,6.042723655700684
3,15,6.051167011260986,6.051167011260986
3,20,5.909975528717041,5.909975528717041
3,25,6.059555530548096,6.059555530548096
3,30,5.704834461212158,5.704834461212158
3,35,6.098822593688965,6.098822593688965
3,40,5.610935688018799,5.610935688018799
3,45,5.952966213226318,5.952966213226318
3,50,5.884643077850342,5.884643077850342
3,55,5.688708305358887,5.688708305358887
3,60,5.693904876708984,5.693904876708984
3,65,5.9141621589660645,5.9141621589660645
3,70,5.4852471351623535,5.4852471351623535
3,75,6.040798664093018,6.040798664093018
3,80,5.505354881286621,5.505354881286621
3,85,5.484120845794678,5.484120845794678
3,90,5.777044773101807,5.777044773101807
3,95,5.708369731903076,5.708369731903076
3,100,5.577950954437256,5.577950954437256
3,105,5.800824165344238,5.800824165344238
3,110,5.819840908050537,5.819840908050537
3,115,6.259204387664795,6.259204387664795
3,120,5.625027179718018,5.625027179718018
3,125,5.976097106933594,5.976097106933594
3,130,5.5757622718811035,5.5757622718811035
3,135,5.457210540771484,5.457210540771484
3,140,6.30594539642334,6.30594539642334
3,145,5.858572959899902,5.858572959899902
3,150,5.427382946014404,5.427382946014404
3,155,5.883422374725342,5.883422374725342
3,160,5.798912048339844,5.798912048339844
3,165,5.55806303024292,5.55806303024292
3,170,5.447124481201172,5.447124481201172
3,175,5.988623142242432,5.988623142242432
3,180,5.716907024383545,5.716907024383545
3,185,5.90162467956543,5.90162467956543
3,190,5.565919876098633,5.565919876098633
3,195,5.960544109344482,5.960544109344482
3,200,6.019595623016357,6.019595623016357
3,205,5.93289852142334,5.93289852142334
3,210,5.834369659423828,5.834369659423828
3,215,6.085135459899902,6.085135459899902
3,220,5.888209342956543,5.888209342956543
3,225,5.9323296546936035,5.9323296546936035
3,230,5.444307327270508,5.444307327270508
3,235,5.462344169616699,5.462344169616699
3,240,5.613943576812744,5.613943576812744
3,245,6.326438903808594,6.326438903808594
4,0,6.267578601837158,6.267578601837158
4,5,5.6404266357421875,5.6404266357421875
4,10,5.322005271911621,5.322005271911621
4,15,5.282814025878906,5.282814025878906
4,20,5.241033554077148,5.241033554077148
4,25,5.6165361404418945,5.6165361404418945
4,30,5.605297088623047,5.605297088623047
4,35,5.577034950256348,5.577034950256348
4,40,5.386909484863281,5.386909484863281
4,45,5.471970081329346,5.471970081329346
4,50,5.884573936462402,5.884573936462402
4,55,5.203517913818359,5.203517913818359
4,60,5.283971309661865,5.283971309661865
4,65,5.4633989334106445,5.4633989334106445
4,70,5.868936538696289,5.868936538696289
4,75,5.396906852722168,5.396906852722168
4,80,5.537681579589844,5.537681579589844
4,85,5.658812999725342,5.658812999725342
4,90,5.647495746612549,5.647495746612549
4,95,5.5855712890625,5.5855712890625
4,100,5.268484115600586,5.268484115600586
4,105,5.384654521942139,5.384654521942139
4,110,5.730209827423096,5.730209827423096
4,115,5.712392807006836,5.712392807006836
4,120,5.380032062530518,5.380032062530518
4,125,5.405033588409424,5.405033588409424
4,130,5.2624192237854,5.2624192237854
4,135,5.6576995849609375,5.6576995849609375
4,140,5.338764190673828,5.338764190673828
4,145,5.697363376617432,5.697363376617432
4,150,5.461691379547119,5.461691379547119
4,155,5.575563907623291,5.575563907623291
4,160,6.082332134246826,6.082332134246826
4,165,5.219106197357178,5.219106197357178
4,170,5.466263294219971,5.466263294219971
4,175,5.45229434967041,5.45229434967041
4,180,5.444636821746826,5.444636821746826
4,185,5.1998677253723145,5.1998677253723145
4,190,5.633731365203857,5.633731365203857
4,195,5.635259628295898,5.635259628295898
4,200,5.205873966217041,5.205873966217041
4,205,5.287491798400879,5.287491798400879
4,210,5.767373085021973,5.767373085021973
4,215,5.269864082336426,5.269864082336426
4,220,5.462532997131348,5.462532997131348
4,225,5.434887409210205,5.434887409210205
4,230,5.453701019287109,5.453701019287109
4,235,5.251045227050781,5.251045227050781
4,240,5.50051736831665,5.50051736831665
4,245,5.833094596862793,5.833094596862793
5,0,4.957153797149658,4.957153797149658
5,5,5.2185444831848145,5.2185444831848145
5,10,5.298999786376953,5.298999786376953
5,15,5.192410945892334,5.192410945892334
5,20,5.309035301208496,5.309035301208496
5,25,5.206798553466797,5.206798553466797
5,30,5.26935338973999,5.26935338973999
5,35,5.203377723693848,5.203377723693848
5,40,4.999366760253906,4.999366760253906
5,45,5.545753002166748,5.545753002166748
5,50,5.015456676483154,5.015456676483154
5,55,5.6096296310424805,5.6096296310424805
5,60,5.321808815002441,5.321808815002441
5,65,5.363984107971191,5.363984107971191
5,70,5.443831443786621,5.443831443786621
5,75,5.081960678100586,5.081960678100586
5,80,5.350109577178955,5.350109577178955
5,85,4.907652378082275,4.907652378082275
5,90,5.288418292999268,5.288418292999268
5,95,5.233557224273682,5.233557224273682
5,100,5.293880462646484,5.293880462646484
5,105,5.259926795959473,5.259926795959473
5,110,5.302690029144287,5.302690029144287
5,115,5.001412868499756,5.001412868499756
5,120,5.463174819946289,5.463174819946289
5,125,4.985653877258301,4.985653877258301
5,130,5.4623236656188965,5.4623236656188965
5,135,5.168641090393066,5.168641090393066
5,140,5.475022792816162,5.475022792816162
5,145,5.540114402770996,5.540114402770996
5,150,5.031740665435791,5.031740665435791
5,155,5.508758068084717,5.508758068084717
5,160,5.471436977386475,5.471436977386475
5,165,5.05239725112915,5.05239725112915
5,170,5.236658096313477,5.236658096313477
5,175,5.778520107269287,5.778520107269287
5,180,5.178326606750488,5.178326606750488
5,185,5.275725841522217,5.275725841522217
5,190,5.274184703826904,5.274184703826904
5,195,5.25059175491333,5.25059175491333
5,200,5.3778581619262695,5.3778581619262695
5,205,5.179821968078613,5.179821968078613
5,210,5.287783622741699,5.287783622741699
5,215,5.229248046875,5.229248046875
5,220,5.381919860839844,5.381919860839844
5,225,5.324254512786865,5.324254512786865
5,230,5.382863998413086,5.382863998413086
5,235,5.081422805786133,5.081422805786133
5,240,5.531260967254639,5.531260967254639
5,245,5.5112481117248535,5.5112481117248535
6,0,5.106719493865967,5.106719493865967
6,5,4.850061893463135,4.850061893463135
6,10,5.395998001098633,5.395998001098633
6,15,5.07918643951416,5.07918643951416
6,20,5.340728282928467,5.340728282928467
6,25,4.906172752380371,4.906172752380371
6,30,5.105898380279541,5.105898380279541
6,35,5.184260368347168,5.184260368347168
6,40,4.9846062660217285,4.9846062660217285
6,45,4.7480950355529785,4.7480950355529785
6,50,5.558935165405273,5.558935165405273
6,55,5.4175801277160645,5.4175801277160645
6,60,4.962812900543213,4.962812900543213
6,65,5.333646297454834,5.333646297454834
6,70,5.395355701446533,5.395355701446533
6,75,5.159114360809326,5.159114360809326
6,80,5.05704927444458,5.05704927444458
6,85,5.306493282318115,5.306493282318115
6,90,5.200284481048584,5.200284481048584
6,95,4.8224945068359375,4.8224945068359375
6,100,5.060883522033691,5.060883522033691
6,105,5.114734172821045,5.114734172821045
6,110,4.724134922027588,4.724134922027588
6,115,5.515425205230713,5.515425205230713
6,120,5.192588806152344,5.192588806152344
6,125,5.002232551574707,5.002232551574707
6,130,5.089456081390381,5.089456081390381
6,135,4.920299053192139,4.920299053192139
6,140,5.342942237854004,5.342942237854004
6,145,5.021839618682861,5.021839618682861
6,150,5.254251480102539,5.254251480102539
6,155,5.006792068481445,5.006792068481445
6,160,5.099313735961914,5.099313735961914
6,165,5.174760818481445,5.174760818481445
6,170,5.2015886306762695,5.2015886306762695
6,175,4.236953258514404,4.236953258514404
6,180,4.5402326583862305,4.5402326583862305
6,185,5.177389144897461,5.177389144897461
6,190,5.361502170562744,5.361502170562744
6,195,5.715410232543945,5.715410232543945
6,200,5.1648335456848145,5.1648335456848145
6,205,5.226332664489746,5.226332664489746
6,210,4.722962856292725,4.722962856292725
6,215,4.986634731292725,4.986634731292725
6,220,4.8992133140563965,4.8992133140563965
6,225,5.394132137298584,5.394132137298584
6,230,5.014934539794922,5.014934539794922
6,235,4.890624523162842,4.890624523162842
6,240,5.3403754234313965,5.3403754234313965
6,245,5.012954235076904,5.012954235076904
7,0,5.2653632164001465,5.2653632164001465
7,5,4.925481796264648,4.925481796264648
7,10,4.341468334197998,4.341468334197998
7,15,5.093417644500732,5.093417644500732
7,20,4.994823932647705,4.994823932647705
7,25,5.018479347229004,5.018479347229004
7,30,5.034725189208984,5.034725189208984
7,35,5.221471786499023,5.221471786499023
7,40,5.207739353179932,5.207739353179932
7,45,4.835023880004883,4.835023880004883
7,50,5.04758882522583,5.04758882522583
7,55,4.8159379959106445,4.8159379959106445
7,60,4.54531192779541,4.54531192779541
7,65,5.040306568145752,5.040306568145752
7,70,5.256998538970947,5.256998538970947
7,75,4.485367298126221,4.485367298126221
7,80,5.147318363189697,5.147318363189697
7,85,5.059619903564453,5.059619903564453
7,90,5.127173900604248,5.127173900604248
7,95,4.693382263183594,4.693382263183594
7,100,4.68833065032959,4.68833065032959
7,105,4.516489028930664,4.516489028930664
7,110,5.338709354400635,5.338709354400635
7,115,5.170855522155762,5.170855522155762
7,120,5.075363636016846,5.075363636016846
7,125,4.981287956237793,4.981287956237793
7,130,5.274683475494385,5.274683475494385
7,135,5.1774210929870605,5.1774210929870605
7,140,4.980252742767334,4.980252742767334
7,145,4.891601085662842,4.891601085662842
7,150,5.171649932861328,5.171649932861328
7,155,5.091472148895264,5.091472148895264
7,160,5.2102484703063965,5.2102484703063965
7,165,4.512900352478027,4.512900352478027
7,170,4.7842230796813965,4.7842230796813965
7,175,4.660275459289551,4.660275459289551
7,180,4.6231160163879395,4.6231160163879395
7,185,4.587990760803223,4.587990760803223
7,190,5.37813138961792,5.37813138961792
7,195,4.90685510635376,4.90685510635376
7,200,4.855825424194336,4.855825424194336
7,205,4.880752086639404,4.880752086639404
7,210,5.178206443786621,5.178206443786621
7,215,4.9812469482421875,4.9812469482421875
7,220,5.2252888679504395,5.2252888679504395
7,225,5.079762935638428,5.079762935638428
7,230,4.964725971221924,4.964725971221924
7,235,4.766238689422607,4.766238689422607
7,240,4.813703536987305,4.813703536987305
7,245,4.865113258361816,4.865113258361816
8,0,4.8898773193359375,4.8898773193359375
8,5,4.8226776123046875,4.8226776123046875
8,10,5.0290350914001465,5.0290350914001465
8,15,4.65962553024292,4.65962553024292
8,20,4.630163192749023,4.630163192749023
8,25,4.658786773681641,4.658786773681641
8,30,5.360434532165527,5.360434532165527
8,35,4.806431293487549,4.806431293487549
8,40,4.8967204093933105,4.8967204093933105
8,45,5.217580318450928,5.217580318450928
8,50,4.887759685516357,4.887759685516357
8,55,4.766619682312012,4.766619682312012
8,60,4.838972091674805,4.838972091674805
8,65,4.684829235076904,4.684829235076904
8,70,5.011478424072266,5.011478424072266
8,75,4.667098522186279,4.667098522186279
8,80,4.844426155090332,4.844426155090332
8,85,5.198293209075928,5.198293209075928
8,90,5.0211896896362305,5.0211896896362305
8,95,4.811091899871826,4.811091899871826
8,100,4.662522792816162,4.662522792816162
8,105,4.918383598327637,4.918383598327637
8,110,4.771582126617432,4.771582126617432
8,115,4.752466678619385,4.752466678619385
8,120,5.162212371826172,5.162212371826172
8,125,5.210348606109619,5.210348606109619
8,130,4.929605007171631,4.929605007171631
8,135,4.581634044647217,4.581634044647217
8,140,5.185630798339844,5.185630798339844
8,145,4.843331336975098,4.843331336975098
8,150,5.037296772003174,5.037296772003174
8,155,5.1167802810668945,5.1167802810668945
8,160,4.485214710235596,4.485214710235596
8,165,4.944675445556641,4.944675445556641
8,170,4.663018703460693,4.663018703460693
8,175,4.877795219421387,4.877795219421387
8,180,4.850301742553711,4.850301742553711
8,185,5.042927265167236,5.042927265167236
8,190,4.574171543121338,4.574171543121338
8,195,4.887188911437988,4.887188911437988
8,200,5.0011796951293945,5.0011796951293945
8,205,4.863731861114502,4.863731861114502
8,210,4.758486747741699,4.758486747741699
8,215,4.89581823348999,4.89581823348999
8,220,4.6433186531066895,4.6433186531066895
8,225,4.966203689575195,4.966203689575195
8,230,5.088165760040283,5.088165760040283
8,235,5.216224670410156,5.216224670410156
8,240,5.141448497772217,5.141448497772217
8,245,4.070899486541748,4.070899486541748
9,0,4.946083068847656,4.946083068847656
9,5,4.806702136993408,4.806702136993408
9,10,5.089326858520508,5.089326858520508
9,15,4.452643871307373,4.452643871307373
9,20,5.007277488708496,5.007277488708496
9,25,4.709705829620361,4.709705829620361
9,30,4.751571178436279,4.751571178436279
9,35,4.495200157165527,4.495200157165527
9,40,4.367301940917969,4.367301940917969
9,45,4.5489888191223145,4.5489888191223145
9,50,4.964184284210205,4.964184284210205
9,55,5.011312007904053,5.011312007904053
9,60,4.750683307647705,4.750683307647705
9,65,3.942227602005005,3.942227602005005
9,70,4.496849060058594,4.496849060058594
9,75,4.55114221572876,4.55114221572876
9,80,4.695860862731934,4.695860862731934
9,85,5.066905975341797,5.066905975341797
9,90,4.1160454750061035,4.1160454750061035
9,95,4.608389854431152,4.608389854431152
9,100,4.552891731262207,4.552891731262207
9,105,4.8123345375061035,4.8123345375061035
9,110,4.530846118927002,4.530846118927002
9,115,4.852221965789795,4.852221965789795
9,120,5.079498767852783,5.079498767852783
9,125,4.176809787750244,4.176809787750244
9,130,4.4052863121032715,4.4052863121032715
9,135,4.606408596038818,4.606408596038818
9,140,5.2310028076171875,5.2310028076171875
9,145,4.8057684898376465,4.8057684898376465
9,150,4.980325222015381,4.980325222015381
9,155,4.823596954345703,4.823596954345703
9,160,4.491038799285889,4.491038799285889
9,165,4.680524826049805,4.680524826049805
9,170,5.215780735015869,5.215780735015869
9,175,4.720149993896484,4.720149993896484
9,180,4.7731614112854,4.7731614112854
9,185,4.737918853759766,4.737918853759766
9,190,4.9106125831604,4.9106125831604
9,195,4.757123947143555,4.757123947143555
9,200,4.7584381103515625,4.7584381103515625
9,205,5.013157844543457,5.013157844543457
9,210,4.690145969390869,4.690145969390869
9,215,4.8199052810668945,4.8199052810668945
9,220,4.806631088256836,4.806631088256836
9,225,4.569478988647461,4.569478988647461
9,230,4.913057804107666,4.913057804107666
9,235,4.694343090057373,4.694343090057373
9,240,4.765130043029785,4.765130043029785
9,245,4.732631683349609,4.732631683349609
10,0,4.807127475738525,4.807127475738525
10,5,4.762946605682373,4.762946605682373
10,10,4.293549537658691,4.293549537658691
10,15,4.678685188293457,4.678685188293457
10,20,4.475646495819092,4.475646495819092
10,25,5.012749671936035,5.012749671936035
10,30,4.937119483947754,4.937119483947754
10,35,5.056737422943115,5.056737422943115
10,40,4.815347194671631,4.815347194671631
10,45,4.727353572845459,4.727353572845459
10,50,4.759914398193359,4.759914398193359
10,55,4.8978729248046875,4.8978729248046875
10,60,4.781739234924316,4.781739234924316
10,65,4.686969757080078,4.686969757080078
10,70,4.688276290893555,4.688276290893555
10,75,4.304553031921387,4.304553031921387
10,80,4.760574817657471,4.760574817657471
10,85,4.661290168762207,4.661290168762207
10,90,4.652772903442383,4.652772903442383
10,95,4.3796281814575195,4.3796281814575195
10,100,4.745324611663818,4.745324611663818
10,105,4.696005821228027,4.696005821228027
10,110,4.910788536071777,4.910788536071777
10,115,4.715572834014893,4.715572834014893
10,120,4.757896900177002,4.757896900177002
10,125,4.671856880187988,4.671856880187988
10,130,4.621014595031738,4.621014595031738
10,135,5.088618278503418,5.088618278503418
10,140,4.861449718475342,4.861449718475342
10,145,4.603672981262207,4.603672981262207
10,150,4.794196128845215,4.794196128845215
10,155,4.553501605987549,4.553501605987549
10,160,4.666351795196533,4.666351795196533
10,165,4.6161274909973145,4.6161274909973145
10,170,4.504575252532959,4.504575252532959
10,175,4.952401161193848,4.952401161193848
10,180,4.783477306365967,4.783477306365967
10,185,4.477534770965576,4.477534770965576
10,190,4.413809776306152,4.413809776306152
10,195,4.803775787353516,4.803775787353516
10,200,4.869501113891602,4.869501113891602
10,205,4.4926300048828125,4.4926300048828125
10,210,4.392446517944336,4.392446517944336
10,215,4.514763355255127,4.514763355255127
10,220,4.7939934730529785,4.7939934730529785
10,225,4.876082420349121,4.876082420349121
10,230,4.607028007507324,4.607028007507324
10,235,4.521371364593506,4.521371364593506
10,240,4.786941051483154,4.786941051483154
10,245,4.552327632904053,4.552327632904053
11,0,4.40623140335083,4.40623140335083
11,5,4.481957912445068,4.481957912445068
11,10,4.193294525146484,4.193294525146484
11,15,4.222079753875732,4.222079753875732
11,20,4.906002044677734,4.906002044677734
11,25,4.7245869636535645,4.7245869636535645
11,30,4.699023723602295,4.699023723602295
11,35,4.6469197273254395,4.6469197273254395
11,40,4.664068698883057,4.664068698883057
11,45,4.496116638183594,4.496116638183594
11,50,4.27338981628418,4.27338981628418
11,55,4.613969326019287,4.613969326019287
11,60,4.744470119476318,4.744470119476318
11,65,4.426130771636963,4.426130771636963
11,70,5.06366491317749,5.06366491317749
11,75,4.376523494720459,4.376523494720459
11,80,4.437840461730957,4.437840461730957
11,85,4.690584182739258,4.690584182739258
11,90,4.957552909851074,4.957552909851074
11,95,4.229823112487793,4.229823112487793
11,100,4.637656211853027,4.637656211853027
11,105,4.24042272567749,4.24042272567749
11,110,4.62083101272583,4.62083101272583
11,115,4.257673740386963,4.257673740386963
11,120,4.416876792907715,4.416876792907715
11,125,4.778784275054932,4.778784275054932
11,130,4.725987911224365,4.725987911224365
11,135,4.634024143218994,4.634024143218994
11,140,4.902739524841309,4.902739524841309
11,145,4.620131015777588,4.620131015777588
11,150,4.918848991394043,4.918848991394043
11,155,4.390885353088379,4.390885353088379
11,160,4.938094615936279,4.938094615936279
11,165,4.755180358886719,4.755180358886719
11,170,4.696968078613281,4.696968078613281
11,175,4.625429153442383,4.625429153442383
11,180,4.772416591644287,4.772416591644287
11,185,4.558898448944092,4.558898448944092
11,190,4.39133882522583,4.39133882522583
11,195,4.377835750579834,4.377835750579834
11,200,4.795888900756836,4.795888900756836
11,205,4.664994239807129,4.664994239807129
11,210,4.826827526092529,4.826827526092529
11,215,4.414151668548584,4.414151668548584
11,220,4.927766799926758,4.927766799926758
11,225,4.591823577880859,4.591823577880859
11,230,4.044338226318359,4.044338226318359
11,235,4.742651462554932,4.742651462554932
11,240,4.871800422668457,4.871800422668457
11,245,4.626082420349121,4.626082420349121
12,0,4.584750652313232,4.584750652313232
12,5,4.316831588745117,4.316831588745117
12,10,4.699025630950928,4.699025630950928
12,15,4.338364124298096,4.338364124298096
12,20,4.891267776489258,4.891267776489258
12,25,4.6195502281188965,4.6195502281188965
12,30,4.500478267669678,4.500478267669678
12,35,4.571890830993652,4.571890830993652
12,40,4.4505791664123535,4.4505791664123535
12,45,4.290036678314209,4.290036678314209
12,50,4.331002235412598,4.331002235412598
12,55,4.253678321838379,4.253678321838379
12,60,4.755582809448242,4.755582809448242
12,65,4.488471508026123,4.488471508026123
12,70,4.029730319976807,4.029730319976807
12,75,4.539194107055664,4.539194107055664
12,80,4.496381759643555,4.496381759643555
12,85,4.118371486663818,4.118371486663818
12,90,4.795280456542969,4.795280456542969
12,95,4.412208080291748,4.412208080291748
12,100,4.564851760864258,4.564851760864258
12,105,4.450273513793945,4.450273513793945
12,110,4.52593994140625,4.52593994140625
12,115,4.32224702835083,4.32224702835083
12,120,4.475409984588623,4.475409984588623
12,125,4.241542339324951,4.241542339324951
12,130,4.504601955413818,4.504601955413818
12,135,4.818897247314453,4.818897247314453
12,140,4.337318420410156,4.337318420410156
12,145,4.288228511810303,4.288228511810303
12,150,4.66018009185791,4.66018009185791
12,155,4.742106914520264,4.742106914520264
12,160,4.680334568023682,4.680334568023682
12,165,4.691205978393555,4.691205978393555
12,170,4.824542045593262,4.824542045593262
12,175,4.449004650115967,4.449004650115967
12,180,4.876097679138184,4.876097679138184
12,185,4.600531578063965,4.600531578063965
12,190,4.139384746551514,4.139384746551514
12,195,4.390462398529053,4.390462398529053
12,200,4.638140678405762,4.638140678405762
12,205,4.311769962310791,4.311769962310791
12,210,4.688072204589844,4.688072204589844
12,215,4.302157402038574,4.302157402038574
12,220,4.638660907745361,4.638660907745361
12,225,4.670831203460693,4.670831203460693
12,230,4.428920269012451,4.428920269012451
12,235,4.702932834625244,4.702932834625244
12,240,4.810848712921143,4.810848712921143
12,245,4.5896782875061035,4.5896782875061035
13,0,4.429774284362793,4.429774284362793
13,5,4.67351770401001,4.67351770401001
13,10,4.4576497077941895,4.4576497077941895
13,15,4.368978023529053,4.368978023529053
13,20,4.086625576019287,4.086625576019287
13,25,4.470282077789307,4.470282077789307
13,30,4.587928295135498,4.587928295135498
13,35,4.4954352378845215,4.4954352378845215
13,40,4.548061370849609,4.548061370849609
13,45,4.450657367706299,4.450657367706299
13,50,4.459012985229492,4.459012985229492
13,55,4.185873031616211,4.185873031616211
13,60,4.3506760597229,4.3506760597229
13,65,4.558222770690918,4.558222770690918
13,70,4.502561569213867,4.502561569213867
13,75,4.286008834838867,4.286008834838867
13,80,4.554486274719238,4.554486274719238
13,85,4.389256477355957,4.389256477355957
13,90,4.476474761962891,4.476474761962891
13,95,4.459514617919922,4.459514617919922
13,100,4.60868501663208,4.60868501663208
13,105,4.64575719833374,4.64575719833374
13,110,4.730373382568359,4.730373382568359
13,115,4.565612316131592,4.565612316131592
13,120,4.415350914001465,4.415350914001465
13,125,4.353191375732422,4.353191375732422
13,130,4.254443645477295,4.254443645477295
13,135,4.512080669403076,4.512080669403076
13,140,4.751699924468994,4.751699924468994
13,145,4.562065601348877,4.562065601348877
13,150,4.417726993560791,4.417726993560791
13,155,4.888984680175781,4.888984680175781
13,160,4.717776298522949,4.717776298522949
13,165,4.650433540344238,4.650433540344238
13,170,4.202718734741211,4.202718734741211
13,175,4.566009998321533,4.566009998321533
13,180,4.449883937835693,4.449883937835693
13,185,4.395203113555908,4.395203113555908
13,190,4.780880451202393,4.780880451202393
13,195,4.312115669250488,4.312115669250488
13,200,4.4697418212890625,4.4697418212890625
13,205,4.471908092498779,4.471908092498779
13,210,4.598389625549316,4.598389625549316
13,215,4.758824825286865,4.758824825286865
13,220,4.466100692749023,4.466100692749023
13,225,4.330883502960205,4.330883502960205
13,230,4.615543365478516,4.615543365478516
13,235,4.515766620635986,4.515766620635986
13,240,4.5796356201171875,4.5796356201171875
13,245,4.321179389953613,4.321179389953613
14,0,4.205202579498291,4.205202579498291
14,5,4.694842338562012,4.694842338562012
14,10,4.330023765563965,4.330023765563965
14,15,4.042648792266846,4.042648792266846
14,20,4.3842058181762695,4.3842058181762695
14,25,4.408923149108887,4.408923149108887
14,30,4.428467273712158,4.428467273712158
14,35,4.300899505615234,4.300899505615234
14,40,4.129655838012695,4.129655838012695
14,45,4.498749732971191,4.498749732971191
14,50,4.6849846839904785,4.6849846839904785
14,55,4.495233535766602,4.495233535766602
14,60,4.5999274253845215,4.5999274253845215
14,65,4.2850165367126465,4.2850165367126465
14,70,4.251836776733398,4.251836776733398
14,75,4.395472049713135,4.395472049713135
14,80,4.459731578826904,4.459731578826904
14,85,4.1977925300598145,4.1977925300598145
14,90,4.371176719665527,4.371176719665527
14,95,4.173255443572998,4.173255443572998
14,100,4.72564172744751,4.72564172744751
14,105,4.217844009399414,4.217844009399414
14,110,4.26602029800415,4.26602029800415
14,115,4.182020664215088,4.182020664215088
14,120,4.323476314544678,4.323476314544678
14,125,4.394036769866943,4.394036769866943
14,130,4.388393878936768,4.388393878936768
14,135,4.7069091796875,4.7069091796875
14,140,4.3419270515441895,4.3419270515441895
14,145,4.1026177406311035,4.1026177406311035
14,150,4.26851749420166,4.26851749420166
14,155,4.505896091461182,4.505896091461182
14,160,4.478881359100342,4.478881359100342
14,165,4.63432502746582,4.63432502746582
14,170,4.759421348571777,4.759421348571777
14,175,4.4151740074157715,4.4151740074157715
14,180,4.732934951782227,4.732934951782227
14,185,4.0805134773254395,4.0805134773254395
14,190,4.541330337524414,4.541330337524414
14,195,4.691586494445801,4.691586494445801
14,200,4.458268165588379,4.458268165588379
14,205,4.832945823669434,4.832945823669434
14,210,4.513771057128906,4.513771057128906
14,215,4.049633979797363,4.049633979797363
14,220,4.387838363647461,4.387838363647461
14,225,4.35751485824585,4.35751485824585
14,230,4.442629814147949,4.442629814147949
14,235,4.348759174346924,4.348759174346924
14,240,4.24058723449707,4.24058723449707
14,245,4.582457542419434,4.582457542419434
15,0,3.9814095497131348,3.9814095497131348
15,5,4.540583610534668,4.540583610534668
15,10,4.393135070800781,4.393135070800781
15,15,4.255792140960693,4.255792140960693
15,20,4.292625427246094,4.292625427246094
15,25,4.26301908493042,4.26301908493042
15,30,3.960524797439575,3.960524797439575
15,35,4.546910762786865,4.546910762786865
15,40,4.300390243530273,4.300390243530273
15,45,4.578446865081787,4.578446865081787
15,50,4.114157199859619,4.114157199859619
15,55,4.027124404907227,4.027124404907227
15,60,4.208591461181641,4.208591461181641
15,65,4.241617202758789,4.241617202758789
15,70,4.172154903411865,4.172154903411865
15,75,4.1903862953186035,4.1903862953186035
15,80,4.218734264373779,4.218734264373779
15,85,4.081863880157471,4.081863880157471
15,90,4.441360950469971,4.441360950469971
15,95,4.2582573890686035,4.2582573890686035
15,100,4.3707075119018555,4.3707075119018555
15,105,4.289851665496826,4.289851665496826
15,110,4.189379692077637,4.189379692077637
15,115,4.714398384094238,4.714398384094238
15,120,4.534236907958984,4.534236907958984
15,125,4.292061805725098,4.292061805725098
15,130,4.347429275512695,4.347429275512695
15,135,4.4611358642578125,4.4611358642578125
15,140,4.587610244750977,4.587610244750977
15,145,4.374457836151123,4.374457836151123
15,150,4.155284404754639,4.155284404754639
15,155,4.123803615570068,4.123803615570068
15,160,4.108123302459717,4.108123302459717
15,165,4.02091121673584,4.02091121673584
15,170,4.484623432159424,4.484623432159424
15,175,4.278306484222412,4.278306484222412
15,180,4.377691745758057,4.377691745758057
15,185,4.467216491699219,4.467216491699219
15,190,4.7804341316223145,4.7804341316223145
15,195,4.325174331665039,4.325174331665039
15,200,4.563986778259277,4.563986778259277
15,205,4.389128684997559,4.389128684997559
15,210,4.221189975738525,4.221189975738525
15,215,4.275386333465576,4.275386333465576
15,220,4.460694789886475,4.460694789886475
15,225,4.297109127044678,4.297109127044678
15,230,4.317235946655273,4.317235946655273
15,235,4.219969749450684,4.219969749450684
15,240,4.1519317626953125,4.1519317626953125
15,245,4.592898368835449,4.592898368835449
16,0,4.370661735534668,4.370661735534668
16,5,4.024014949798584,4.024014949798584
16,10,4.172014236450195,4.172014236450195
16,15,4.218892574310303,4.218892574310303
16,20,4.059973239898682,4.059973239898682
16,25,3.906179428100586,3.906179428100586
16,30,4.309308052062988,4.309308052062988
16,35,4.283990383148193,4.283990383148193
16,40,4.168323040008545,4.168323040008545
16,45,4.277340888977051,4.277340888977051
16,50,4.101713180541992,4.101713180541992
16,55,4.064560890197754,4.064560890197754
16,60,4.332939147949219,4.332939147949219
16,65,4.342503070831299,4.342503070831299
16,70,4.163750171661377,4.163750171661377
16,75,4.1624369621276855,4.1624369621276855
16,80,4.261809825897217,4.261809825897217
16,85,4.361753940582275,4.361753940582275
16,90,4.097506046295166,4.097506046295166
16,95,4.283298969268799,4.283298969268799
16,100,4.033888339996338,4.033888339996338
16,105,4.301899433135986,4.301899433135986
16,110,4.10320520401001,4.10320520401001
16,115,4.246772289276123,4.246772289276123
16,120,4.461913108825684,4.461913108825684
16,125,4.121340751647949,4.121340751647949
16,130,4.302966117858887,4.302966117858887
16,135,3.9330661296844482,3.9330661296844482
16,140,4.027647972106934,4.027647972106934
16,145,3.9335362911224365,3.9335362911224365
16,150,4.272479057312012,4.272479057312012
16,155,4.272528648376465,4.272528648376465
16,160,4.383517742156982,4.383517742156982
16,165,4.357746601104736,4.357746601104736
16,170,4.630303859710693,4.630303859710693
16,175,4.404092788696289,4.404092788696289
16,180,3.8377280235290527,3.8377280235290527
16,185,3.872708320617676,3.872708320617676
16,190,4.37593412399292,4.37593412399292
16,195,4.164290904998779,4.164290904998779
16,200,4.55417537689209,4.55417537689209
16,205,4.375425338745117,4.375425338745117
16,210,4.416672229766846,4.416672229766846
16,215,4.293228626251221,4.293228626251221
16,220,4.321969032287598,4.321969032287598
16,225,4.255928039550781,4.255928039550781
16,230,4.2783331871032715,4.2783331871032715
16,235,4.213264465332031,4.213264465332031
16,240,4.108853340148926,4.108853340148926
16,245,4.1710076332092285,4.1710076332092285
17,0,4.004828453063965,4.004828453063965
17,5,4.066773891448975,4.066773891448975
17,10,3.9962668418884277,3.9962668418884277
17,15,4.100964546203613,4.100964546203613
17,20,4.014741897583008,4.014741897583008
17,25,4.226473808288574,4.226473808288574
17,30,4.17043924331665,4.17043924331665
17,35,4.1284685134887695,4.1284685134887695
17,40,3.873345136642456,3.873345136642456
17,45,4.108382701873779,4.108382701873779
17,50,4.1748175621032715,4.1748175621032715
17,55,4.0993757247924805,4.0993757247924805
17,60,4.360317230224609,4.360317230224609
17,65,3.9691059589385986,3.9691059589385986
17,70,4.1025824546813965,4.1025824546813965
17,75,4.171351909637451,4.171351909637451
17,80,4.37011194229126,4.37011194229126
17,85,4.111613750457764,4.111613750457764
17,90,4.271632671356201,4.271632671356201
17,95,3.6357016563415527,3.6357016563415527
17,100,4.63250732421875,4.63250732421875
17,105,4.034706115722656,4.034706115722656
17,110,4.370206356048584,4.370206356048584
17,115,4.50488805770874,4.50488805770874
17,120,3.921611785888672,3.921611785888672
17,125,4.216675758361816,4.216675758361816
17,130,4.58302640914917,4.58302640914917
17,135,4.274602890014648,4.274602890014648
17,140,3.889616012573242,3.889616012573242
17,145,4.38823938369751,4.38823938369751
17,150,4.1460394859313965,4.1460394859313965
17,155,4.378657817840576,4.378657817840576
17,160,3.9817845821380615,3.9817845821380615
17,165,3.879030704498291,3.879030704498291
17,170,4.630067348480225,4.630067348480225
17,175,4.020155429840088,4.020155429840088
17,180,3.976633310317993,3.976633310317993
17,185,4.602953910827637,4.602953910827637
17,190,4.41209077835083,4.41209077835083
17,195,4.10914421081543,4.10914421081543
17,200,4.575156211853027,4.575156211853027
17,205,4.2787675857543945,4.2787675857543945
17,210,4.66212797164917,4.66212797164917
17,215,4.326391696929932,4.326391696929932
17,220,4.506434917449951,4.506434917449951
17,225,4.5079545974731445,4.5079545974731445
17,230,4.111148834228516,4.111148834228516
17,235,4.120251655578613,4.120251655578613
17,240,4.467723846435547,4.467723846435547
17,245,4.136496543884277,4.136496543884277
18,0,4.089023113250732,4.089023113250732
18,5,4.236804962158203,4.236804962158203
18,10,4.019169807434082,4.019169807434082
18,15,4.233485221862793,4.233485221862793
18,20,3.963894844055176,3.963894844055176
18,25,4.211963176727295,4.211963176727295
18,30,4.1036529541015625,4.1036529541015625
18,35,4.214824676513672,4.214824676513672
18,40,3.925936698913574,3.925936698913574
18,45,4.355504512786865,4.355504512786865
18,50,3.8739101886749268,3.8739101886749268
18,55,3.9785375595092773,3.9785375595092773
18,60,4.1449360847473145,4.1449360847473145
18,65,3.707932233810425,3.707932233810425
18,70,4.330803871154785,4.330803871154785
18,75,3.8491673469543457,3.8491673469543457
18,80,4.082348346710205,4.082348346710205
18,85,4.260912895202637,4.260912895202637
18,90,3.8897180557250977,3.8897180557250977
18,95,4.033666133880615,4.033666133880615
18,100,4.196831703186035,4.196831703186035
18,105,4.1323137283325195,4.1323137283325195
18,110,4.335953712463379,4.335953712463379
18,115,4.103850841522217,4.103850841522217
18,120,4.084858417510986,4.084858417510986
18,125,4.249081134796143,4.249081134796143
18,130,4.0272979736328125,4.0272979736328125
18,135,4.059389591217041,4.059389591217041
18,140,4.288158893585205,4.288158893585205
18,145,4.315598964691162,4.315598964691162
18,150,4.156005382537842,4.156005382537842
18,155,4.010389804840088,4.010389804840088
18,160,3.793673515319824,3.793673515319824
18,165,4.037337303161621,4.037337303161621
18,170,4.520865440368652,4.520865440368652
18,175,4.208976745605469,4.208976745605469
18,180,4.2104716300964355,4.2104716300964355
18,185,4.280033588409424,4.280033588409424
18,190,3.9396395683288574,3.9396395683288574
18,195,4.387213706970215,4.387213706970215
18,200,4.210668563842773,4.210668563842773
18,205,4.201150894165039,4.201150894165039
18,210,4.124356746673584,4.124356746673584
18,215,4.025546073913574,4.025546073913574
18,220,4.276517391204834,4.276517391204834
18,225,3.981337070465088,3.981337070465088
18,230,4.236400604248047,4.236400604248047
18,235,4.395423412322998,4.395423412322998
18,240,3.9346935749053955,3.9346935749053955
18,245,4.4339680671691895,4.4339680671691895
19,0,4.223443031311035,4.223443031311035
19,5,3.970327377319336,3.970327377319336
19,10,3.9742085933685303,3.9742085933685303
19,15,4.039079189300537,4.039079189300537
19,20,4.088510513305664,4.088510513305664
19,25,4.055069923400879,4.055069923400879
19,30,4.16155481338501,4.16155481338501
19,35,4.203018665313721,4.203018665313721
19,40,3.847731351852417,3.847731351852417
19,45,3.950270414352417,3.950270414352417
19,50,3.8030951023101807,3.8030951023101807
19,55,4.139769077301025,4.139769077301025
19,60,3.9202523231506348,3.9202523231506348
19,65,4.18971586227417,4.18971586227417
19,70,3.4931890964508057,3.4931890964508057
19,75,4.189198017120361,4.189198017120361
19,80,4.138671398162842,4.138671398162842
19,85,4.194360733032227,4.194360733032227
19,90,3.8637921810150146,3.8637921810150146
19,95,3.656360387802124,3.656360387802124
19,100,4.154948711395264,4.154948711395264
19,105,4.194127082824707,4.194127082824707
19,110,4.2098774909973145,4.2098774909973145
19,115,4.134923934936523,4.134923934936523
19,120,4.292844295501709,4.292844295501709
19,125,3.938277244567871,3.938277244567871
19,130,4.294676303863525,4.294676303863525
19,135,3.9714412689208984,3.9714412689208984
19,140,4.100117206573486,4.100117206573486
19,145,3.7612876892089844,3.7612876892089844
19,150,4.3595662117004395,4.3595662117004395
19,155,4.285477161407471,4.285477161407471
19,160,3.8918325901031494,3.8918325901031494
19,165,3.8498783111572266,3.8498783111572266
19,170,4.224939346313477,4.224939346313477
19,175,4.223255634307861,4.223255634307861
19,180,4.4195709228515625,4.4195709228515625
19,185,4.326345920562744,4.326345920562744
19,190,3.913947105407715,3.913947105407715
19,195,4.108517169952393,4.108517169952393
19,200,4.102459907531738,4.102459907531738
19,205,4.227437496185303,4.227437496185303
19,210,4.490839958190918,4.490839958190918
19,215,3.641165256500244,3.641165256500244
19,220,4.101759433746338,4.101759433746338
19,225,4.235090255737305,4.235090255737305
19,230,4.190821647644043,4.190821647644043
19,235,4.052937984466553,4.052937984466553
19,240,4.3432230949401855,4.3432230949401855
19,245,3.805786609649658,3.805786609649658
20,0,3.6367533206939697,3.6367533206939697
20,5,4.214609146118164,4.214609146118164
20,10,3.9598240852355957,3.9598240852355957
20,15,3.96284556388855,3.96284556388855
20,20,3.9448647499084473,3.9448647499084473
20,25,4.055997848510742,4.055997848510742
20,30,3.8354313373565674,3.8354313373565674
20,35,4.109366416931152,4.109366416931152
20,40,3.8553214073181152,3.8553214073181152
20,45,4.09997034072876,4.09997034072876
20,50,3.9920542240142822,3.9920542240142822
20,55,3.9139888286590576,3.9139888286590576
20,60,3.8757455348968506,3.8757455348968506
20,65,3.8866305351257324,3.8866305351257324
20,70,3.9361953735351562,3.9361953735351562
20,75,3.7366111278533936,3.7366111278533936
20,80,3.7523112297058105,3.7523112297058105
20,85,3.956401824951172,3.956401824951172
20,90,3.7950122356414795,3.7950122356414795
20,95,4.104131698608398,4.104131698608398
20,100,4.196012020111084,4.196012020111084
20,105,4.435790061950684,4.435790061950684
20,110,3.86906361579895,3.86906361579895
20,115,3.997199058532715,3.997199058532715
20,120,3.9772636890411377,3.9772636890411377
20,125,4.641580581665039,4.641580581665039
20,130,3.937455892562866,3.937455892562866
20,135,4.283343315124512,4.283343315124512
20,140,4.056042194366455,4.056042194366455
20,145,4.186612606048584,4.186612606048584
20,150,4.417928695678711,4.417928695678711
20,155,4.218776226043701,4.218776226043701
20,160,4.043371677398682,4.043371677398682
20,165,4.2458600997924805,4.2458600997924805
20,170,4.168023586273193,4.168023586273193
20,175,3.7142043113708496,3.7142043113708496
20,180,3.8194897174835205,3.8194897174835205
20,185,4.043259620666504,4.043259620666504
20,190,4.152853965759277,4.152853965759277
20,195,4.520520210266113,4.520520210266113
20,200,4.037423133850098,4.037423133850098
20,205,4.499876022338867,4.499876022338867
20,210,4.088158130645752,4.088158130645752
20,215,3.9605376720428467,3.9605376720428467
20,220,4.252782821655273,4.252782821655273
20,225,4.074258804321289,4.074258804321289
20,230,3.982001781463623,3.982001781463623
20,235,4.273228168487549,4.273228168487549
20,240,4.302358150482178,4.302358150482178
20,245,4.209325790405273,4.209325790405273
