step,epoch,total_loss,ce_loss,phase_loss,kd_loss,lr,throughput
10,,13.2679,11.3505,,15.1854,6.00e-06,2.61_samples/s
20,,19.1734,10.9994,,27.3474,1.20e-05,2.45_samples/s
30,,14.0277,11.0860,,16.9694,1.80e-05,2.26_samples/s
40,,12.2870,10.5806,,13.9934,2.40e-05,2.26_samples/s
50,,17.9605,10.9981,,24.9229,3.00e-05,2.27_samples/s
60,,13.6132,10.5000,,16.7265,3.60e-05,2.24_samples/s
70,,14.9925,10.4309,,19.5542,4.20e-05,2.18_samples/s
80,,14.4209,10.7421,,18.0997,4.80e-05,2.15_samples/s
90,,11.7751,10.5897,,12.9605,5.40e-05,2.11_samples/s
100,,11.8533,10.4565,,13.2501,6.00e-05,2.11_samples/s
110,,14.2180,10.2476,,18.1883,6.60e-05,2.09_samples/s
120,,17.7478,10.6511,,24.8445,7.20e-05,2.08_samples/s
130,,11.6524,11.6386,,11.6662,7.80e-05,2.08_samples/s
140,,17.9941,10.2299,,25.7584,8.40e-05,2.10_samples/s
150,,18.2416,10.1142,,26.3690,9.00e-05,2.12_samples/s
160,,14.3349,10.2942,,18.3756,9.60e-05,2.14_samples/s
170,,11.9116,10.3584,,13.4648,1.02e-04,2.14_samples/s
180,,14.0860,10.3836,,17.7884,1.08e-04,2.10_samples/s
190,,12.7963,9.5336,,16.0589,1.14e-04,2.06_samples/s
200,,17.1421,9.7163,,24.5678,1.20e-04,2.04_samples/s
210,,16.3901,10.4690,,22.3113,1.26e-04,2.03_samples/s
220,,12.1252,9.4745,,14.7760,1.32e-04,2.02_samples/s
230,,16.9077,9.6021,,24.2133,1.38e-04,2.01_samples/s
240,,10.1322,8.5166,,11.7478,1.44e-04,2.00_samples/s
250,,16.1237,9.1312,,23.1163,1.50e-04,1.99_samples/s
260,,15.6112,8.9759,,22.2465,1.56e-04,1.99_samples/s
270,,14.9151,9.1298,,20.7003,1.62e-04,1.98_samples/s
280,,11.0918,10.0106,,12.1731,1.68e-04,1.97_samples/s
290,,9.7757,10.3139,,9.2376,1.74e-04,1.96_samples/s
300,,10.8961,9.3664,,12.4258,1.80e-04,1.97_samples/s
310,,13.2733,8.7509,,17.7958,1.86e-04,1.98_samples/s
320,,14.7476,9.1004,,20.3948,1.92e-04,1.99_samples/s
330,,11.6363,8.8640,,14.4087,1.98e-04,2.00_samples/s
340,,13.8056,8.4566,,19.1546,2.04e-04,2.01_samples/s
350,,11.0176,9.3275,,12.7078,2.10e-04,2.02_samples/s
360,,14.3245,8.9412,,19.7078,2.16e-04,2.03_samples/s
370,,12.0041,8.0370,,15.9713,2.22e-04,2.01_samples/s
380,,8.9879,8.5827,,9.3930,2.28e-04,2.02_samples/s
390,,11.7168,8.4528,,14.9808,2.34e-04,2.03_samples/s
400,,12.5909,8.0621,,17.1198,2.40e-04,2.04_samples/s
410,,11.8839,8.5138,,15.2540,2.46e-04,2.04_samples/s
420,,9.0279,8.3947,,9.6611,2.52e-04,2.04_samples/s
430,,8.5827,8.3758,,8.7896,2.58e-04,2.04_samples/s
440,,14.9875,7.7746,,22.2004,2.64e-04,2.04_samples/s
450,,10.6374,7.9399,,13.3349,2.70e-04,2.05_samples/s
460,,12.7753,7.7719,,17.7787,2.76e-04,2.05_samples/s
470,,10.3365,7.2416,,13.4315,2.82e-04,2.05_samples/s
480,,8.0153,8.1902,,7.8405,2.88e-04,2.06_samples/s
490,,11.6597,7.6567,,15.6627,2.94e-04,2.06_samples/s
500,,13.5510,7.2697,,19.8323,3.00e-04,2.06_samples/s
510,,11.4895,7.9199,,15.0591,3.00e-04,2.06_samples/s
520,,12.3976,7.9007,,16.8946,3.00e-04,2.07_samples/s
530,,9.3728,7.2053,,11.5402,3.00e-04,2.07_samples/s
540,,8.6003,7.9367,,9.2638,3.00e-04,2.08_samples/s
550,,8.6731,7.5716,,9.7747,3.00e-04,2.09_samples/s
560,,9.8543,7.4789,,12.2296,3.00e-04,2.09_samples/s
570,,8.3914,7.6251,,9.1577,3.00e-04,2.10_samples/s
580,,12.1833,7.7273,,16.6393,3.00e-04,2.11_samples/s
590,,9.6975,8.4023,,10.9927,2.99e-04,2.11_samples/s
600,,11.9903,7.1340,,16.8467,2.99e-04,2.11_samples/s
610,,11.2377,6.6095,,15.8659,2.99e-04,2.11_samples/s
620,,10.3861,7.8581,,12.9140,2.99e-04,2.11_samples/s
630,,12.0896,7.2292,,16.9501,2.99e-04,2.11_samples/s
640,,11.0736,7.2512,,14.8959,2.99e-04,2.12_samples/s
650,,13.4847,7.7320,,19.2373,2.99e-04,2.12_samples/s
660,,13.1899,7.8046,,18.5751,2.99e-04,2.12_samples/s
670,,8.7139,7.0450,,10.3827,2.99e-04,2.13_samples/s
680,,11.7224,6.8214,,16.6233,2.99e-04,2.13_samples/s
690,,11.6907,7.4000,,15.9814,2.99e-04,2.14_samples/s
700,,10.1347,8.4285,,11.8410,2.99e-04,2.14_samples/s
710,,10.0367,7.4122,,12.6612,2.99e-04,2.15_samples/s
720,,10.3082,7.5374,,13.0790,2.99e-04,2.15_samples/s
730,,9.4722,6.8776,,12.0667,2.99e-04,2.16_samples/s
740,,11.9663,6.9118,,17.0209,2.99e-04,2.16_samples/s
750,,9.0482,7.3171,,10.7794,2.98e-04,2.17_samples/s
760,,10.6960,8.1762,,13.2158,2.98e-04,2.17_samples/s
770,,12.9174,6.9134,,18.9213,2.98e-04,2.18_samples/s
780,,8.4113,7.8560,,8.9666,2.98e-04,2.18_samples/s
790,,11.8228,7.6178,,16.0278,2.98e-04,2.18_samples/s
800,,8.9796,7.8008,,10.1584,2.98e-04,2.19_samples/s
810,,9.4674,6.4090,,12.5259,2.98e-04,2.19_samples/s
820,,12.2883,10.3376,,14.2391,2.98e-04,2.19_samples/s
830,,9.5735,7.2289,,11.9181,2.98e-04,2.19_samples/s
840,,10.4759,7.6044,,13.3474,2.98e-04,2.20_samples/s
850,,10.9919,6.7213,,15.2624,2.98e-04,2.20_samples/s
860,,12.7683,7.1242,,18.4125,2.98e-04,2.20_samples/s
870,,9.4827,6.9056,,12.0598,2.98e-04,2.21_samples/s
880,,11.2424,7.2909,,15.1940,2.98e-04,2.21_samples/s
890,,8.3828,7.5518,,9.2139,2.98e-04,2.21_samples/s
900,,10.5532,7.0443,,14.0621,2.98e-04,2.21_samples/s
910,,10.0208,7.2439,,12.7978,2.98e-04,2.22_samples/s
920,,12.0469,6.7216,,17.3722,2.97e-04,2.22_samples/s
930,,10.7244,7.9378,,13.5110,2.97e-04,2.22_samples/s
940,,9.3075,7.3553,,11.2597,2.97e-04,2.23_samples/s
950,,11.6486,7.5721,,15.7252,2.97e-04,2.23_samples/s
960,,12.5792,6.4442,,18.7141,2.97e-04,2.23_samples/s
970,,9.5805,7.5181,,11.6429,2.97e-04,2.24_samples/s
980,,11.3964,6.6120,,16.1809,2.97e-04,2.24_samples/s
990,,8.9054,8.0394,,9.7714,2.97e-04,2.24_samples/s
1000,,8.9182,7.3402,,10.4962,2.97e-04,2.24_samples/s
1010,,11.0715,7.7243,,14.4187,2.97e-04,2.24_samples/s
1020,,10.6272,6.4335,,14.8209,2.97e-04,2.25_samples/s
1030,,7.8649,6.3254,,9.4044,2.97e-04,2.25_samples/s
1040,,10.1281,7.8294,,12.4268,2.97e-04,2.25_samples/s
1050,,9.5949,8.1576,,11.0322,2.97e-04,2.25_samples/s
1060,,11.5718,5.9011,,17.2425,2.97e-04,2.26_samples/s
1070,,8.0790,8.1865,,7.9716,2.97e-04,2.26_samples/s
1080,,11.5249,6.4968,,16.5529,2.96e-04,2.26_samples/s
1090,,9.9070,6.4781,,13.3360,2.96e-04,2.26_samples/s
1100,,9.5822,7.8845,,11.2799,2.96e-04,2.26_samples/s
1110,,8.9621,8.0196,,9.9046,2.96e-04,2.26_samples/s
1120,,9.2081,7.3344,,11.0818,2.96e-04,2.27_samples/s
1130,,9.7895,6.8541,,12.7249,2.96e-04,2.27_samples/s
1140,,11.9330,6.7202,,17.1459,2.96e-04,2.27_samples/s
1150,,7.4469,7.3394,,7.5545,2.96e-04,2.27_samples/s
1160,,10.0739,7.2737,,12.8740,2.96e-04,2.27_samples/s
1170,,11.9796,7.5959,,16.3632,2.96e-04,2.27_samples/s
1180,,11.0581,6.4231,,15.6931,2.96e-04,2.27_samples/s
1190,,10.1649,6.5594,,13.7704,2.96e-04,2.27_samples/s
1200,,10.8995,6.8800,,14.9190,2.96e-04,2.27_samples/s
1210,,7.2080,6.5792,,7.8368,2.96e-04,2.27_samples/s
1220,,9.1953,6.8447,,11.5459,2.96e-04,2.27_samples/s
1230,,7.3168,7.4658,,7.1677,2.96e-04,2.27_samples/s
1240,,7.8619,7.1567,,8.5671,2.96e-04,2.27_samples/s
1250,,10.0086,7.5877,,12.4295,2.95e-04,2.28_samples/s
1260,,10.9786,6.7709,,15.1862,2.95e-04,2.28_samples/s
1270,,7.9092,7.1271,,8.6913,2.95e-04,2.28_samples/s
1280,,8.5978,8.1124,,9.0832,2.95e-04,2.28_samples/s
1290,,7.5103,7.2366,,7.7840,2.95e-04,2.28_samples/s
1300,,9.7610,6.4856,,13.0364,2.95e-04,2.28_samples/s
1310,,10.5707,7.6890,,13.4523,2.95e-04,2.27_samples/s
1320,,7.9374,7.5404,,8.3344,2.95e-04,2.27_samples/s
1330,,8.9672,7.3481,,10.5863,2.95e-04,2.27_samples/s
1340,,7.8718,7.4429,,8.3007,2.95e-04,2.27_samples/s
1350,,12.6165,6.7127,,18.5203,2.95e-04,2.27_samples/s
1360,,7.7553,7.5721,,7.9386,2.95e-04,2.27_samples/s
1370,,7.6500,8.0013,,7.2987,2.95e-04,2.27_samples/s
1380,,8.4019,7.4876,,9.3161,2.95e-04,2.27_samples/s
1390,,11.8044,6.6602,,16.9486,2.95e-04,2.27_samples/s
1400,,8.0708,7.4791,,8.6624,2.95e-04,2.26_samples/s
1410,,7.7972,6.7072,,8.8871,2.94e-04,2.26_samples/s
1420,,9.6446,7.4971,,11.7921,2.94e-04,2.26_samples/s
1430,,12.5716,8.4111,,16.7321,2.94e-04,2.27_samples/s
1440,,9.2363,6.5405,,11.9320,2.94e-04,2.27_samples/s
1450,,7.9298,7.7685,,8.0911,2.94e-04,2.27_samples/s
1460,,11.4543,7.8675,,15.0411,2.94e-04,2.27_samples/s
1470,,7.9899,7.1746,,8.8052,2.94e-04,2.27_samples/s
1480,,9.5067,6.3452,,12.6682,2.94e-04,2.27_samples/s
1490,,9.9612,6.8356,,13.0869,2.94e-04,2.27_samples/s
1500,,9.2221,7.2386,,11.2055,2.94e-04,2.27_samples/s
1510,,7.6146,6.8791,,8.3501,2.94e-04,2.27_samples/s
1520,,10.4522,7.1371,,13.7673,2.94e-04,2.27_samples/s
1530,,9.0218,7.7815,,10.2621,2.94e-04,2.27_samples/s
1540,,9.1802,6.7089,,11.6516,2.94e-04,2.27_samples/s
1550,,10.1231,7.4390,,12.8073,2.94e-04,2.27_samples/s
1560,,9.0158,7.2407,,10.7910,2.94e-04,2.27_samples/s
1570,,11.5334,7.3994,,15.6674,2.94e-04,2.27_samples/s
1580,,9.3723,6.7911,,11.9534,2.93e-04,2.27_samples/s
1590,,7.2993,7.5787,,7.0199,2.93e-04,2.27_samples/s
1600,,8.8964,6.9478,,10.8450,2.93e-04,2.26_samples/s
1610,,8.8655,7.7942,,9.9368,2.93e-04,2.26_samples/s
1620,,8.2635,7.4341,,9.0929,2.93e-04,2.26_samples/s
1630,,7.9809,7.1134,,8.8485,2.93e-04,2.26_samples/s
1640,,8.9253,7.2824,,10.5683,2.93e-04,2.26_samples/s
1650,,12.8607,6.4322,,19.2891,2.93e-04,2.26_samples/s
1660,,9.3241,6.0797,,12.5684,2.93e-04,2.26_samples/s
1670,,10.8788,8.4970,,13.2607,2.93e-04,2.26_samples/s
1680,,11.2264,6.4128,,16.0399,2.93e-04,2.26_samples/s
1690,,9.1541,7.6367,,10.6714,2.93e-04,2.26_samples/s
1700,,8.3197,6.1642,,10.4752,2.93e-04,2.26_samples/s
1710,,9.4818,6.8956,,12.0680,2.93e-04,2.26_samples/s
1720,,12.2486,6.5057,,17.9915,2.93e-04,2.26_samples/s
1730,,8.9117,6.7563,,11.0672,2.93e-04,2.26_samples/s
1740,,12.5433,6.2527,,18.8339,2.92e-04,2.26_samples/s
1750,,9.9288,6.7611,,13.0965,2.92e-04,2.26_samples/s
1760,,9.7118,7.2862,,12.1374,2.92e-04,2.25_samples/s
1770,,7.1928,7.0474,,7.3383,2.92e-04,2.25_samples/s
1780,,7.9376,7.1233,,8.7519,2.92e-04,2.25_samples/s
1790,,7.2220,6.2720,,8.1721,2.92e-04,2.24_samples/s
1800,,9.9170,6.6144,,13.2197,2.92e-04,2.24_samples/s
1810,,13.2416,6.6275,,19.8557,2.92e-04,2.23_samples/s
1820,,8.5709,6.9203,,10.2216,2.92e-04,2.23_samples/s
1830,,9.5189,7.3957,,11.6421,2.92e-04,2.23_samples/s
1840,,7.2779,7.0912,,7.4646,2.92e-04,2.22_samples/s
1850,,9.1886,7.5607,,10.8166,2.92e-04,2.22_samples/s
1860,,9.5364,7.1042,,11.9685,2.92e-04,2.23_samples/s
1870,,11.3082,6.7171,,15.8992,2.92e-04,2.22_samples/s
1880,,8.3833,5.6062,,11.1604,2.92e-04,2.22_samples/s
1890,,8.3233,5.9115,,10.7351,2.92e-04,2.22_samples/s
1900,,7.9977,7.7113,,8.2841,2.92e-04,2.23_samples/s
1910,,9.3564,7.3384,,11.3744,2.91e-04,2.23_samples/s
1920,,7.9925,8.0572,,7.9278,2.91e-04,2.22_samples/s
1930,,10.8568,8.0221,,13.6915,2.91e-04,2.22_samples/s
1940,,8.1454,7.7228,,8.5679,2.91e-04,2.22_samples/s
1950,,7.2760,7.2735,,7.2785,2.91e-04,2.22_samples/s
1960,,8.1256,7.2403,,9.0110,2.91e-04,2.22_samples/s
1970,,7.3958,6.1263,,8.6652,2.91e-04,2.22_samples/s
1980,,10.4452,6.8142,,14.0761,2.91e-04,2.22_samples/s
1990,,11.3173,6.4097,,16.2248,2.91e-04,2.22_samples/s
2000,,10.4478,7.1928,,13.7028,2.91e-04,2.22_samples/s
2010,,9.2038,5.7695,,12.6381,2.91e-04,2.22_samples/s
2020,,8.9990,6.4443,,11.5537,2.91e-04,2.22_samples/s
2030,,12.2607,6.0407,,18.4808,2.91e-04,2.22_samples/s
2040,,8.5217,5.2842,,11.7592,2.91e-04,2.23_samples/s
2050,,8.7934,6.4249,,11.1620,2.91e-04,2.23_samples/s
2060,,8.2429,7.1615,,9.3243,2.91e-04,2.23_samples/s
2070,,10.0021,6.2875,,13.7167,2.90e-04,2.23_samples/s
2080,,10.6143,9.2862,,11.9423,2.90e-04,2.23_samples/s
2090,,11.0682,6.9578,,15.1786,2.90e-04,2.23_samples/s
2100,,8.4965,7.1065,,9.8866,2.90e-04,2.23_samples/s
2110,,7.4056,6.5739,,8.2374,2.90e-04,2.23_samples/s
2120,,10.2056,10.2063,,10.2048,2.90e-04,2.22_samples/s
2130,,9.9473,8.5294,,11.3652,2.90e-04,2.21_samples/s
2140,,9.3738,7.5249,,11.2228,2.90e-04,2.21_samples/s
2150,,8.8850,7.2823,,10.4877,2.90e-04,2.21_samples/s
2160,,8.7318,8.4246,,9.0391,2.90e-04,2.21_samples/s
2170,,10.3918,7.5390,,13.2445,2.90e-04,2.21_samples/s
2180,,9.9725,6.4167,,13.5282,2.90e-04,2.20_samples/s
2190,,8.2034,6.0257,,10.3812,2.90e-04,2.20_samples/s
2200,,8.2914,7.2250,,9.3579,2.90e-04,2.20_samples/s
2210,,10.9824,6.9760,,14.9888,2.90e-04,2.19_samples/s
2220,,10.7432,7.3872,,14.0993,2.90e-04,2.19_samples/s
2230,,9.6361,6.9490,,12.3233,2.90e-04,2.18_samples/s
2240,,9.6832,7.4485,,11.9180,2.89e-04,2.18_samples/s
2250,,7.4844,7.5390,,7.4298,2.89e-04,2.17_samples/s
2260,,10.5597,6.0872,,15.0322,2.89e-04,2.17_samples/s
2270,,8.4612,7.2489,,9.6736,2.89e-04,2.17_samples/s
2280,,9.8233,6.3229,,13.3236,2.89e-04,2.17_samples/s
2290,,9.9514,6.4755,,13.4273,2.89e-04,2.17_samples/s
2300,,12.7009,7.0018,,18.4001,2.89e-04,2.17_samples/s
2310,,7.4709,7.7486,,7.1933,2.89e-04,2.17_samples/s
2320,,9.6735,6.6488,,12.6982,2.89e-04,2.17_samples/s
2330,,11.3480,7.2828,,15.4132,2.89e-04,2.17_samples/s
2340,,9.3598,6.3671,,12.3526,2.89e-04,2.17_samples/s
2350,,11.0579,5.9432,,16.1726,2.89e-04,2.17_samples/s
2360,,8.3235,5.8162,,10.8308,2.89e-04,2.17_samples/s
2370,,8.2493,6.7605,,9.7381,2.89e-04,2.18_samples/s
2380,,6.7250,7.7328,,5.7172,2.89e-04,2.18_samples/s
2390,,7.7833,6.9787,,8.5880,2.89e-04,2.18_samples/s
2400,,9.0749,6.5858,,11.5641,2.88e-04,2.18_samples/s
2410,,8.9523,6.6168,,11.2878,2.88e-04,2.18_samples/s
2420,,10.9021,6.2999,,15.5043,2.88e-04,2.18_samples/s
2430,,8.5032,6.7630,,10.2435,2.88e-04,2.17_samples/s
2440,,9.1184,7.0442,,11.1926,2.88e-04,2.17_samples/s
2450,,11.0779,7.2125,,14.9433,2.88e-04,2.16_samples/s
2460,,10.0871,7.1565,,13.0177,2.88e-04,2.16_samples/s
2470,,8.6765,8.6812,,8.6718,2.88e-04,2.16_samples/s
2480,,8.1579,7.1745,,9.1412,2.88e-04,2.16_samples/s
2490,,7.4342,4.9583,,9.9101,2.88e-04,2.16_samples/s
2500,,9.1498,6.9357,,11.3639,2.88e-04,2.16_samples/s
2510,,11.2909,6.2343,,16.3475,2.88e-04,2.16_samples/s
2520,,10.3418,7.0684,,13.6153,2.88e-04,2.16_samples/s
2530,,10.1114,6.0048,,14.2180,2.88e-04,2.16_samples/s
2540,,8.3230,7.3699,,9.2762,2.88e-04,2.16_samples/s
2550,,9.4931,6.5363,,12.4498,2.88e-04,2.16_samples/s
2560,,7.9253,6.6965,,9.1541,2.88e-04,2.16_samples/s
2570,,9.9220,8.1553,,11.6887,2.87e-04,2.16_samples/s
2580,,6.8868,7.5102,,6.2634,2.87e-04,2.16_samples/s
2590,,9.1557,7.4468,,10.8646,2.87e-04,2.16_samples/s
2600,,8.5022,7.8030,,9.2013,2.87e-04,2.16_samples/s
2610,,8.6422,6.2789,,11.0056,2.87e-04,2.16_samples/s
2620,,8.7999,9.3329,,8.2669,2.87e-04,2.16_samples/s
2630,,12.2221,7.5781,,16.8661,2.87e-04,2.17_samples/s
2640,,7.7121,7.6531,,7.7711,2.87e-04,2.17_samples/s
2650,,9.8351,6.6591,,13.0112,2.87e-04,2.17_samples/s
2660,,7.8021,6.0240,,9.5803,2.87e-04,2.17_samples/s
2670,,10.0060,7.6503,,12.3617,2.87e-04,2.17_samples/s
2680,,9.9417,6.3709,,13.5125,2.87e-04,2.17_samples/s
2690,,10.4167,7.3292,,13.5042,2.87e-04,2.17_samples/s
2700,,8.5469,6.8069,,10.2869,2.87e-04,2.17_samples/s
2710,,10.9319,7.0386,,14.8252,2.87e-04,2.17_samples/s
2720,,10.3339,6.6202,,14.0476,2.87e-04,2.17_samples/s
2730,,9.0284,7.4906,,10.5662,2.86e-04,2.17_samples/s
2740,,7.7970,7.6426,,7.9515,2.86e-04,2.17_samples/s
2750,,8.4888,6.6132,,10.3643,2.86e-04,2.17_samples/s
2760,,8.9434,6.3941,,11.4926,2.86e-04,2.18_samples/s
2770,,12.4009,6.4860,,18.3158,2.86e-04,2.18_samples/s
2780,,9.3044,6.4339,,12.1749,2.86e-04,2.18_samples/s
2790,,8.9922,7.2234,,10.7611,2.86e-04,2.18_samples/s
2800,,11.7580,7.0441,,16.4719,2.86e-04,2.18_samples/s
2810,,8.4271,6.8360,,10.0181,2.86e-04,2.17_samples/s
2820,,7.4593,7.5390,,7.3797,2.86e-04,2.17_samples/s
2830,,7.9438,7.1148,,8.7729,2.86e-04,2.17_samples/s
2840,,10.6422,7.8556,,13.4287,2.86e-04,2.17_samples/s
2850,,6.6218,5.7385,,7.5051,2.86e-04,2.17_samples/s
2860,,7.5635,7.0200,,8.1071,2.86e-04,2.17_samples/s
2870,,8.7611,6.5110,,11.0111,2.86e-04,2.17_samples/s
2880,,9.9310,6.4788,,13.3833,2.86e-04,2.17_samples/s
2890,,10.2141,9.1697,,11.2585,2.86e-04,2.17_samples/s
2900,,12.1911,6.8856,,17.4965,2.85e-04,2.17_samples/s
2910,,8.6572,6.8846,,10.4298,2.85e-04,2.18_samples/s
2920,,11.9925,6.5321,,17.4530,2.85e-04,2.18_samples/s
2930,,8.0117,6.6377,,9.3856,2.85e-04,2.18_samples/s
2940,,9.3004,7.7738,,10.8270,2.85e-04,2.17_samples/s
2950,,7.6847,7.5543,,7.8150,2.85e-04,2.17_samples/s
2960,,6.2896,5.6037,,6.9756,2.85e-04,2.17_samples/s
2970,,8.6766,6.6963,,10.6569,2.85e-04,2.17_samples/s
2980,,10.5954,7.5577,,13.6331,2.85e-04,2.17_samples/s
2990,,8.2030,7.1445,,9.2614,2.85e-04,2.17_samples/s
3000,,8.7853,6.9114,,10.6592,2.85e-04,2.16_samples/s
3010,,7.4564,7.6315,,7.2814,2.85e-04,2.17_samples/s
3020,,8.5901,6.6782,,10.5020,2.85e-04,2.17_samples/s
3030,,10.4360,6.4519,,14.4200,2.85e-04,2.17_samples/s
3040,,8.8692,7.0278,,10.7105,2.85e-04,2.17_samples/s
3050,,10.8143,9.0527,,12.5759,2.85e-04,2.17_samples/s
3060,,8.5207,5.7441,,11.2972,2.84e-04,2.17_samples/s
3070,,9.6656,7.4172,,11.9139,2.84e-04,2.17_samples/s
3080,,13.4663,6.9650,,19.9675,2.84e-04,2.17_samples/s
3090,,8.8866,6.9888,,10.7845,2.84e-04,2.17_samples/s
3100,,12.1602,6.6513,,17.6691,2.84e-04,2.17_samples/s
3110,,10.9701,9.1323,,12.8078,2.84e-04,2.17_samples/s
3120,,10.0057,6.2024,,13.8091,2.84e-04,2.17_samples/s
3130,,8.5880,6.5578,,10.6181,2.84e-04,2.17_samples/s
3140,,9.9072,7.8676,,11.9468,2.84e-04,2.17_samples/s
3150,,10.7939,5.8886,,15.6993,2.84e-04,2.17_samples/s
3160,,11.4273,5.6853,,17.1692,2.84e-04,2.17_samples/s
3170,,9.1508,6.9875,,11.3140,2.84e-04,2.17_samples/s
3180,,11.1478,6.5612,,15.7345,2.84e-04,2.17_samples/s
3190,,11.3004,6.3023,,16.2984,2.84e-04,2.17_samples/s
3200,,9.0959,6.9991,,11.1928,2.84e-04,2.18_samples/s
3210,,9.6475,7.7436,,11.5514,2.84e-04,2.18_samples/s
3220,,8.9075,7.4021,,10.4129,2.84e-04,2.18_samples/s
3230,,10.5797,7.1123,,14.0472,2.83e-04,2.18_samples/s
3240,,8.0590,7.4214,,8.6967,2.83e-04,2.18_samples/s
3250,,10.4172,7.2788,,13.5556,2.83e-04,2.18_samples/s
3260,,9.1735,6.8047,,11.5423,2.83e-04,2.18_samples/s
3270,,9.6934,6.8776,,12.5092,2.83e-04,2.18_samples/s
3280,,10.7973,6.2578,,15.3367,2.83e-04,2.18_samples/s
3290,,10.3727,7.7022,,13.0433,2.83e-04,2.18_samples/s
3300,,10.3194,6.8676,,13.7713,2.83e-04,2.18_samples/s
3310,,12.4386,5.7406,,19.1366,2.83e-04,2.18_samples/s
3320,,14.1542,7.4923,,20.8162,2.83e-04,2.18_samples/s
3330,,8.0430,7.3154,,8.7706,2.83e-04,2.18_samples/s
3340,,10.0778,7.2105,,12.9451,2.83e-04,2.18_samples/s
3350,,6.3061,7.0569,,5.5553,2.83e-04,2.18_samples/s
3360,,12.4573,7.6779,,17.2367,2.83e-04,2.18_samples/s
3370,,7.3316,7.0988,,7.5644,2.83e-04,2.18_samples/s
3380,,8.7489,6.4061,,11.0917,2.83e-04,2.18_samples/s
3390,,8.5889,7.2881,,9.8897,2.82e-04,2.18_samples/s
3400,,8.3820,6.1024,,10.6615,2.82e-04,2.19_samples/s
3410,,6.8080,7.5769,,6.0391,9.41e-05,2.57_samples/s
3420,,8.6994,6.9394,,10.4594,9.41e-05,2.46_samples/s
3430,,7.6193,6.6066,,8.6320,9.41e-05,2.41_samples/s
3440,,9.2272,5.7279,,12.7266,9.41e-05,2.40_samples/s
3450,,11.1081,7.1420,,15.0742,9.40e-05,2.41_samples/s
3460,,8.2476,7.4166,,9.0785,9.40e-05,2.42_samples/s
3470,,9.8471,7.2015,,12.4928,9.40e-05,2.42_samples/s
3480,,9.2697,8.0861,,10.4532,9.40e-05,2.41_samples/s
3490,,9.5248,6.4634,,12.5862,9.40e-05,2.41_samples/s
3500,,8.0329,6.8504,,9.2153,9.39e-05,2.42_samples/s
3510,,11.0044,6.0752,,15.9337,9.39e-05,2.42_samples/s
3520,,9.5897,6.1094,,13.0700,9.39e-05,2.44_samples/s
3530,,9.5060,6.3428,,12.6692,9.39e-05,2.46_samples/s
3540,,7.7994,7.1349,,8.4639,9.39e-05,2.46_samples/s
3550,,9.4606,7.5331,,11.3881,9.38e-05,2.47_samples/s
3560,,7.6760,6.6810,,8.6710,9.38e-05,2.48_samples/s
3570,,8.9361,6.8485,,11.0237,9.38e-05,2.48_samples/s
3580,,8.1865,8.0931,,8.2800,9.38e-05,2.49_samples/s
3590,,8.1781,7.1443,,9.2119,9.38e-05,2.49_samples/s
3600,,9.2470,6.9043,,11.5897,9.37e-05,2.50_samples/s
3610,,10.6268,6.8341,,14.4195,9.37e-05,2.50_samples/s
3620,,8.3172,7.6418,,8.9926,9.37e-05,2.50_samples/s
3630,,9.0986,5.5648,,12.6324,9.37e-05,2.50_samples/s
3640,,8.8872,6.4531,,11.3214,9.37e-05,2.49_samples/s
3650,,8.6404,6.2035,,11.0773,9.36e-05,2.49_samples/s
3660,,7.7350,7.5144,,7.9557,9.36e-05,2.48_samples/s
3670,,9.7346,7.3052,,12.1640,9.36e-05,2.48_samples/s
3680,,9.8762,7.1984,,12.5539,9.36e-05,2.47_samples/s
3690,,12.1141,6.4817,,17.7465,9.36e-05,2.47_samples/s
3700,,10.2730,6.7977,,13.7482,9.35e-05,2.47_samples/s
3710,,8.5088,5.9250,,11.0925,9.35e-05,2.47_samples/s
3720,,9.1210,6.6786,,11.5635,9.35e-05,2.47_samples/s
3730,,6.8612,6.2693,,7.4532,9.35e-05,2.47_samples/s
3740,,11.3974,6.6104,,16.1843,9.35e-05,2.47_samples/s
3750,,7.1922,7.1871,,7.1972,9.34e-05,2.47_samples/s
3760,,8.8323,6.2826,,11.3820,9.34e-05,2.47_samples/s
3770,,8.6926,6.3948,,10.9904,9.34e-05,2.47_samples/s
3780,,11.4511,8.4119,,14.4902,9.34e-05,2.47_samples/s
3790,,8.0382,6.9050,,9.1713,9.34e-05,2.47_samples/s
3800,,9.8675,7.9589,,11.7761,9.33e-05,2.47_samples/s
3810,,10.2358,5.9011,,14.5706,9.33e-05,2.47_samples/s
3820,,7.8636,7.4882,,8.2391,9.33e-05,2.47_samples/s
3830,,7.8546,6.6808,,9.0285,9.33e-05,2.47_samples/s
3840,,8.4287,6.2966,,10.5609,9.33e-05,2.47_samples/s
3850,,9.4626,7.7424,,11.1827,9.32e-05,2.47_samples/s
3860,,11.0165,6.6364,,15.3966,9.32e-05,2.47_samples/s
3870,,9.5325,7.4428,,11.6223,9.32e-05,2.47_samples/s
3880,,8.9755,7.8138,,10.1372,9.32e-05,2.47_samples/s
3890,,10.9429,7.1238,,14.7620,9.32e-05,2.47_samples/s
3900,,7.6057,7.5544,,7.6571,9.31e-05,2.47_samples/s
3910,,7.4152,7.3473,,7.4831,9.31e-05,2.47_samples/s
3920,,8.7840,8.5551,,9.0129,9.31e-05,2.47_samples/s
3930,,8.2794,8.1918,,8.3669,9.31e-05,2.47_samples/s
3940,,9.4586,7.6025,,11.3148,9.31e-05,2.47_samples/s
3950,,9.0562,8.5716,,9.5407,9.30e-05,2.47_samples/s
3960,,9.8236,7.3989,,12.2484,9.30e-05,2.47_samples/s
3970,,9.0678,7.4498,,10.6859,9.30e-05,2.47_samples/s
3980,,10.0671,6.6010,,13.5332,9.30e-05,2.47_samples/s
3990,,10.2127,6.5844,,13.8410,9.29e-05,2.47_samples/s
4000,,8.4277,7.7749,,9.0806,9.29e-05,2.47_samples/s
4010,,10.2932,7.9276,,12.6587,9.29e-05,2.47_samples/s
4020,,8.5063,8.0275,,8.9850,9.29e-05,2.47_samples/s
4030,,8.9153,6.5733,,11.2572,9.29e-05,2.47_samples/s
4040,,12.5906,7.0493,,18.1319,9.28e-05,2.47_samples/s
4050,,11.1774,5.6664,,16.6885,9.28e-05,2.47_samples/s
4060,,6.8459,7.4265,,6.2652,9.28e-05,2.47_samples/s
4070,,12.1153,6.9684,,17.2621,9.28e-05,2.47_samples/s
4080,,10.1259,7.6275,,12.6242,9.28e-05,2.47_samples/s
4090,,9.4541,6.5202,,12.3880,9.27e-05,2.46_samples/s
4100,,8.8856,6.3558,,11.4154,9.27e-05,2.46_samples/s
4110,,7.5099,7.1313,,7.8885,9.27e-05,2.46_samples/s
4120,,8.9984,6.8372,,11.1596,9.27e-05,2.46_samples/s
4130,,6.9474,5.6937,,8.2010,9.27e-05,2.46_samples/s
4140,,7.3946,7.3957,,7.3935,9.26e-05,2.46_samples/s
4150,,7.8085,5.8824,,9.7346,9.26e-05,2.46_samples/s
4160,,9.7906,6.0743,,13.5069,9.26e-05,2.46_samples/s
4170,,9.4055,5.9336,,12.8775,9.26e-05,2.46_samples/s
4180,,7.6697,7.1988,,8.1405,9.26e-05,2.46_samples/s
4190,,9.1028,7.1462,,11.0595,9.25e-05,2.46_samples/s
4200,,10.3635,8.1633,,12.5637,9.25e-05,2.46_samples/s
4210,,8.9207,6.6814,,11.1600,9.25e-05,2.46_samples/s
4220,,7.6332,6.4201,,8.8463,9.25e-05,2.46_samples/s
4230,,10.5103,5.9609,,15.0597,9.25e-05,2.46_samples/s
4240,,6.7420,6.7115,,6.7725,9.24e-05,2.46_samples/s
4250,,8.8577,7.0094,,10.7060,9.24e-05,2.46_samples/s
4260,,12.4485,6.5616,,18.3353,9.24e-05,2.46_samples/s
4270,,9.0951,6.4030,,11.7873,9.24e-05,2.46_samples/s
4280,,9.8515,6.6496,,13.0534,9.24e-05,2.46_samples/s
4290,,7.4793,6.5052,,8.4534,9.23e-05,2.46_samples/s
4300,,8.8325,7.7605,,9.9046,9.23e-05,2.46_samples/s
4310,,9.3558,6.3551,,12.3565,9.23e-05,2.46_samples/s
4320,,8.7634,7.3694,,10.1574,9.23e-05,2.46_samples/s
4330,,7.8131,7.0914,,8.5348,9.23e-05,2.46_samples/s
4340,,7.7129,6.7622,,8.6637,9.22e-05,2.46_samples/s
4350,,7.7339,4.8693,,10.5985,9.22e-05,2.46_samples/s
4360,,9.4356,7.2536,,11.6176,9.22e-05,2.46_samples/s
4370,,10.5666,6.7213,,14.4120,9.22e-05,2.46_samples/s
4380,,7.7234,7.1938,,8.2530,9.22e-05,2.46_samples/s
4390,,8.5389,6.9146,,10.1632,9.21e-05,2.46_samples/s
4400,,12.1542,5.2990,,19.0094,9.21e-05,2.46_samples/s
4410,,8.2100,7.2606,,9.1595,9.21e-05,2.46_samples/s
4420,,8.7256,6.9132,,10.5379,9.21e-05,2.46_samples/s
4430,,9.9526,7.4658,,12.4395,9.21e-05,2.46_samples/s
4440,,9.1273,7.2266,,11.0279,9.20e-05,2.46_samples/s
4450,,9.4767,7.5804,,11.3731,9.20e-05,2.46_samples/s
4460,,7.6425,6.7220,,8.5630,9.20e-05,2.46_samples/s
4470,,11.0303,6.6227,,15.4379,9.20e-05,2.46_samples/s
4480,,7.2722,7.2460,,7.2984,9.20e-05,2.46_samples/s
4490,,9.5653,7.1566,,11.9739,9.19e-05,2.46_samples/s
4500,,10.7008,6.2973,,15.1043,9.19e-05,2.47_samples/s
4510,,7.2441,6.9606,,7.5276,9.19e-05,2.46_samples/s
4520,,9.9747,6.9414,,13.0080,9.19e-05,2.46_samples/s
4530,,8.5182,6.9999,,10.0364,9.19e-05,2.47_samples/s
4540,,8.8222,6.8004,,10.8440,9.18e-05,2.47_samples/s
4550,,9.3592,7.2672,,11.4513,9.18e-05,2.47_samples/s
4560,,8.7845,7.1551,,10.4139,9.18e-05,2.47_samples/s
4570,,6.9582,5.9886,,7.9278,9.18e-05,2.47_samples/s
4580,,8.9346,7.2657,,10.6034,9.18e-05,2.47_samples/s
4590,,9.5395,6.5648,,12.5142,9.17e-05,2.47_samples/s
4600,,8.9474,5.9662,,11.9287,9.17e-05,2.47_samples/s
4610,,11.7310,7.2267,,16.2354,9.17e-05,2.47_samples/s
4620,,9.6595,7.4817,,11.8372,9.17e-05,2.47_samples/s
4630,,9.7926,7.1985,,12.3867,9.17e-05,2.47_samples/s
4640,,11.3684,5.9533,,16.7835,9.16e-05,2.47_samples/s
4650,,9.1402,7.2357,,11.0447,9.16e-05,2.47_samples/s
4660,,10.1724,5.6542,,14.6905,9.16e-05,2.47_samples/s
4670,,11.4562,6.5055,,16.4068,9.16e-05,2.47_samples/s
4680,,9.0181,6.6197,,11.4165,9.16e-05,2.47_samples/s
4690,,8.1794,7.3039,,9.0549,9.15e-05,2.47_samples/s
4700,,8.2708,5.4007,,11.1408,9.15e-05,2.47_samples/s
4710,,9.1353,4.8974,,13.3732,9.15e-05,2.47_samples/s
4720,,11.5263,7.0765,,15.9760,9.15e-05,2.47_samples/s
4730,,7.8372,7.4522,,8.2223,9.15e-05,2.47_samples/s
4740,,11.9044,11.1304,,12.6785,9.14e-05,2.47_samples/s
4750,,11.9258,5.8540,,17.9975,9.14e-05,2.47_samples/s
4760,,9.4234,7.4010,,11.4459,9.14e-05,2.47_samples/s
4770,,11.3379,7.6141,,15.0617,9.14e-05,2.47_samples/s
4780,,11.9494,7.0275,,16.8714,9.14e-05,2.47_samples/s
4790,,8.5274,6.6475,,10.4073,9.13e-05,2.47_samples/s
4800,,7.6015,5.5027,,9.7003,9.13e-05,2.47_samples/s
4810,,7.0209,7.4675,,6.5744,9.13e-05,2.47_samples/s
4820,,11.4377,5.6461,,17.2293,9.13e-05,2.47_samples/s
4830,,10.4886,6.1981,,14.7791,9.13e-05,2.47_samples/s
4840,,8.8024,7.6289,,9.9758,9.12e-05,2.47_samples/s
4850,,9.7488,6.5280,,12.9697,9.12e-05,2.47_samples/s
4860,,8.4981,6.6980,,10.2982,9.12e-05,2.47_samples/s
4870,,7.4973,6.7903,,8.2043,9.12e-05,2.47_samples/s
4880,,9.7031,7.9110,,11.4952,9.12e-05,2.47_samples/s
4890,,7.0107,7.5429,,6.4785,9.11e-05,2.47_samples/s
4900,,8.9856,6.7786,,11.1926,9.11e-05,2.47_samples/s
4910,,9.0364,6.8814,,11.1915,9.11e-05,2.47_samples/s
4920,,10.8715,7.5286,,14.2143,9.11e-05,2.47_samples/s
4930,,7.8165,5.8057,,9.8274,9.11e-05,2.47_samples/s
4940,,7.4245,7.4894,,7.3596,9.10e-05,2.47_samples/s
4950,,8.9815,7.6570,,10.3059,9.10e-05,2.47_samples/s
4960,,9.9635,7.4662,,12.4609,9.10e-05,2.47_samples/s
4970,,7.4760,6.3628,,8.5892,9.10e-05,2.47_samples/s
4980,,10.8855,8.1474,,13.6237,9.09e-05,2.47_samples/s
4990,,7.2824,6.2589,,8.3059,9.09e-05,2.47_samples/s
5000,,9.6597,7.3017,,12.0177,9.09e-05,2.47_samples/s
5010,,11.0839,7.0754,,15.0925,9.09e-05,2.47_samples/s
5020,,12.9140,6.6966,,19.1314,9.09e-05,2.47_samples/s
5030,,6.8589,7.9498,,5.7679,9.08e-05,2.47_samples/s
5040,,8.6232,7.1405,,10.1060,9.08e-05,2.47_samples/s
5050,,10.3830,7.8732,,12.8929,9.08e-05,2.47_samples/s
5060,,6.9704,7.5726,,6.3681,9.08e-05,2.47_samples/s
5070,,11.2705,7.2473,,15.2937,9.08e-05,2.47_samples/s
5080,,10.1003,5.3089,,14.8916,9.07e-05,2.47_samples/s
5090,,7.8312,6.7902,,8.8722,9.07e-05,2.47_samples/s
5100,,10.0535,6.5568,,13.5502,9.07e-05,2.47_samples/s
5110,,8.0560,7.9048,,8.2072,9.07e-05,2.47_samples/s
5120,,7.9336,5.5078,,10.3594,9.07e-05,2.47_samples/s
5130,,8.8264,6.8033,,10.8496,9.06e-05,2.47_samples/s
5140,,10.2983,8.6682,,11.9285,9.06e-05,2.47_samples/s
5150,,9.6681,6.3846,,12.9516,9.06e-05,2.47_samples/s
5160,,7.4059,7.1766,,7.6353,9.06e-05,2.46_samples/s
5170,,9.8407,7.2361,,12.4454,9.06e-05,2.46_samples/s
